insert into tb_livros (livro_codigo, livro_autor, livro_editora, livro_genero, livro_isbn, livro_numeroPaginas, livro_titulo, livro_sinopse, livro_situacao) values (1, 'Joseph Tumini', 'Prosacco-Balistreri', 'Comedy|Drama', '140388905-8', 73, 'Going in Style', 'Vestibulum ante ipsum primis in faucibus orci luctus et ultrices posuere cubilia Curae; Nulla dapibus dolor vel est. Donec odio justo, sollicitudin ut, suscipit a, feugiat et, eros.', 'DISPONIVEL');
insert into tb_livros (livro_codigo, livro_autor, livro_editora, livro_genero, livro_isbn, livro_numeroPaginas, livro_titulo, livro_sinopse, livro_situacao) values (2, 'Verney Cairns', 'Hoeger-Langworth', 'Drama', '705635329-0', 196, 'Distance', 'Aliquam non mauris. Morbi non lectus.', 'DISPONIVEL');
insert into tb_livros (livro_codigo, livro_autor, livro_editora, livro_genero, livro_isbn, livro_numeroPaginas, livro_titulo, livro_sinopse, livro_situacao) values (3, 'Kameko Gissop', 'Bahringer, Bailey and Doyle', '(no genres listed)', '332295697-0', 413, 'Venus & Fleur', 'Vivamus metus arcu, adipiscing molestie, hendrerit at, vulputate vitae, nisl. Aenean lectus. Pellentesque eget nunc.', 'DISPONIVEL');
insert into tb_livros (livro_codigo, livro_autor, livro_editora, livro_genero, livro_isbn, livro_numeroPaginas, livro_titulo, livro_sinopse, livro_situacao) values (4, 'Tandi Mullins', 'Herman-Mueller', 'Adventure', '065768787-1', 331, 'Letter for the King, The (Brief voor de koning, De)', 'Duis bibendum, felis sed interdum venenatis, turpis enim blandit mi, in porttitor pede justo eu massa. Donec dapibus. Duis at velit eu est congue elementum.', 'DISPONIVEL');
insert into tb_livros (livro_codigo, livro_autor, livro_editora, livro_genero, livro_isbn, livro_numeroPaginas, livro_titulo, livro_sinopse, livro_situacao) values (5, 'Burt Sterndale', 'Legros-Klocko', 'Drama', '188075225-5', 428, 'Rosetta', 'Donec odio justo, sollicitudin ut, suscipit a, feugiat et, eros.', 'DISPONIVEL');
insert into tb_livros (livro_codigo, livro_autor, livro_editora, livro_genero, livro_isbn, livro_numeroPaginas, livro_titulo, livro_sinopse, livro_situacao) values (6, 'Auberon Houliston', 'Padberg-Predovic', 'Children|Comedy', '750441409-3', 161, 'Judy Moody and the Not Bummer Summer', 'Integer aliquet, massa id lobortis convallis, tortor risus dapibus augue, vel accumsan tellus nisi eu orci. Mauris lacinia sapien quis libero. Nullam sit amet turpis elementum ligula vehicula consequat.', 'DISPONIVEL');
insert into tb_livros (livro_codigo, livro_autor, livro_editora, livro_genero, livro_isbn, livro_numeroPaginas, livro_titulo, livro_sinopse, livro_situacao) values (7, 'Lorinda Baskerville', 'Aufderhar LLC', 'Crime|Drama', '809582584-0', 72, 'Even Money', 'Duis at velit eu est congue elementum. In hac habitasse platea dictumst.', 'DISPONIVEL');
insert into tb_livros (livro_codigo, livro_autor, livro_editora, livro_genero, livro_isbn, livro_numeroPaginas, livro_titulo, livro_sinopse, livro_situacao) values (8, 'Arnaldo Newsome', 'Rowe-Kris', 'Drama|Romance', '144332559-7', 442, 'Renoir', 'Aliquam sit amet diam in magna bibendum imperdiet. Nullam orci pede, venenatis non, sodales sed, tincidunt eu, felis. Fusce posuere felis sed lacus.', 'DISPONIVEL');
insert into tb_livros (livro_codigo, livro_autor, livro_editora, livro_genero, livro_isbn, livro_numeroPaginas, livro_titulo, livro_sinopse, livro_situacao) values (9, 'Bernard Perello', 'Ebert-Johnson', 'Drama', '455850125-0', 81, 'Leap Year (Año bisiesto)', 'Donec vitae nisi.', 'DISPONIVEL');
insert into tb_livros (livro_codigo, livro_autor, livro_editora, livro_genero, livro_isbn, livro_numeroPaginas, livro_titulo, livro_sinopse, livro_situacao) values (10, 'Junina Valde', 'Nicolas-Rau', 'Comedy', '172739554-9', 355, 'Unintentional Kidnapping of Mrs. Elfriede Ott, The (Die Unabsichtliche Entführung der Frau Elfriede Ott)', 'In blandit ultrices enim. Lorem ipsum dolor sit amet, consectetuer adipiscing elit.', 'DISPONIVEL');
insert into tb_livros (livro_codigo, livro_autor, livro_editora, livro_genero, livro_isbn, livro_numeroPaginas, livro_titulo, livro_sinopse, livro_situacao) values (11, 'Lemmy Simonelli', 'Hermann, Blick and Jaskolski', 'Drama|Romance|Thriller', '357330605-5', 246, 'Wicker Park', 'Proin risus. Praesent lectus.', 'DISPONIVEL');
insert into tb_livros (livro_codigo, livro_autor, livro_editora, livro_genero, livro_isbn, livro_numeroPaginas, livro_titulo, livro_sinopse, livro_situacao) values (12, 'Eleanor Duguid', 'Wisoky, Cassin and Predovic', 'Documentary', '794197537-8', 366, 'Great Day in Harlem, A', 'Etiam pretium iaculis justo.', 'EMPRESTADO');
insert into tb_livros (livro_codigo, livro_autor, livro_editora, livro_genero, livro_isbn, livro_numeroPaginas, livro_titulo, livro_sinopse, livro_situacao) values (13, 'Mylo Puddefoot', 'Wiza Group', 'Drama', '497842527-1', 223, 'What Time Is It There? (Ni neibian jidian)', 'Etiam pretium iaculis justo. In hac habitasse platea dictumst.', 'DISPONIVEL');
insert into tb_livros (livro_codigo, livro_autor, livro_editora, livro_genero, livro_isbn, livro_numeroPaginas, livro_titulo, livro_sinopse, livro_situacao) values (14, 'Caye Drake', 'Jacobs LLC', 'Documentary', '527250119-5', 274, 'Case for Christ, The', 'Praesent blandit. Nam nulla. Integer pede justo, lacinia eget, tincidunt eget, tempus vel, pede.', 'DISPONIVEL');
insert into tb_livros (livro_codigo, livro_autor, livro_editora, livro_genero, livro_isbn, livro_numeroPaginas, livro_titulo, livro_sinopse, livro_situacao) values (15, 'Nonna Kirsch', 'Christiansen, Senger and Weber', 'Action', '890376424-2', 298, 'Death of the Incredible Hulk, The', 'Suspendisse potenti. Nullam porttitor lacus at turpis.', 'EMPRESTADO');
insert into tb_livros (livro_codigo, livro_autor, livro_editora, livro_genero, livro_isbn, livro_numeroPaginas, livro_titulo, livro_sinopse, livro_situacao) values (16, 'Rafaelita Boyes', 'Mayert, Huel and Kautzer', 'Action', '839645148-6', 14, 'Black Dawn', 'Vivamus vestibulum sagittis sapien. Cum sociis natoque penatibus et magnis dis parturient montes, nascetur ridiculus mus.', 'DISPONIVEL');
insert into tb_livros (livro_codigo, livro_autor, livro_editora, livro_genero, livro_isbn, livro_numeroPaginas, livro_titulo, livro_sinopse, livro_situacao) values (17, 'Miner Chamberlen', 'Emmerich, Adams and Bruen', 'Crime|Mystery|Thriller', '512758605-3', 402, 'Mirror Crack''d, The', 'Vestibulum ac est lacinia nisi venenatis tristique. Fusce congue, diam id ornare imperdiet, sapien urna pretium nisl, ut volutpat sapien arcu sed augue. Aliquam erat volutpat.', 'DISPONIVEL');
insert into tb_livros (livro_codigo, livro_autor, livro_editora, livro_genero, livro_isbn, livro_numeroPaginas, livro_titulo, livro_sinopse, livro_situacao) values (18, 'Walton Glennon', 'Adams, Ledner and Balistreri', 'Romance', '876103552-1', 260, 'Eat a Bowl of Tea', 'Duis consequat dui nec nisi volutpat eleifend. Donec ut dolor. Morbi vel lectus in quam fringilla rhoncus.', 'DISPONIVEL');
insert into tb_livros (livro_codigo, livro_autor, livro_editora, livro_genero, livro_isbn, livro_numeroPaginas, livro_titulo, livro_sinopse, livro_situacao) values (19, 'Freedman Coytes', 'Fritsch LLC', 'Comedy|Sci-Fi', '076126544-9', 78, 'Incredible Shrinking Woman, The', 'Maecenas leo odio, condimentum id, luctus nec, molestie sed, justo. Pellentesque viverra pede ac diam.', 'EMPRESTADO');
insert into tb_livros (livro_codigo, livro_autor, livro_editora, livro_genero, livro_isbn, livro_numeroPaginas, livro_titulo, livro_sinopse, livro_situacao) values (20, 'Christin Hasson', 'Dooley, Johnson and Murray', 'Drama', '453141645-7', 15, 'Swindle, The (Bidone, Il)', 'Nam dui.', 'DISPONIVEL');
insert into tb_livros (livro_codigo, livro_autor, livro_editora, livro_genero, livro_isbn, livro_numeroPaginas, livro_titulo, livro_sinopse, livro_situacao) values (21, 'Scarlett Bunch', 'Mueller Group', 'Crime|Horror|Thriller', '220986848-3', 312, 'Pyx, The', 'Duis mattis egestas metus. Aenean fermentum.', 'DISPONIVEL');
insert into tb_livros (livro_codigo, livro_autor, livro_editora, livro_genero, livro_isbn, livro_numeroPaginas, livro_titulo, livro_sinopse, livro_situacao) values (22, 'Glendon Olivas', 'D''Amore-Dickens', 'Horror|Sci-Fi|Thriller', '877215442-X', 495, 'Sharknado 2: The Second One', 'Nulla justo. Aliquam quis turpis eget elit sodales scelerisque.', 'DISPONIVEL');
insert into tb_livros (livro_codigo, livro_autor, livro_editora, livro_genero, livro_isbn, livro_numeroPaginas, livro_titulo, livro_sinopse, livro_situacao) values (23, 'Kathrine Jackalin', 'Parker Group', 'Drama', '605471577-1', 166, 'Streetcar Named Desire, A', 'Nulla nisl. Nunc nisl.', 'DISPONIVEL');
insert into tb_livros (livro_codigo, livro_autor, livro_editora, livro_genero, livro_isbn, livro_numeroPaginas, livro_titulo, livro_sinopse, livro_situacao) values (24, 'Jorrie Roubottom', 'Mohr Inc', 'Children|Comedy|Musical', '998549173-4', 311, 'Muppets, The', 'Etiam pretium iaculis justo.', 'DISPONIVEL');
insert into tb_livros (livro_codigo, livro_autor, livro_editora, livro_genero, livro_isbn, livro_numeroPaginas, livro_titulo, livro_sinopse, livro_situacao) values (25, 'Madelena Scamel', 'Wiza, Abbott and Rosenbaum', 'Drama', '185175180-7', 405, 'Tess of the Storm Country', 'Duis at velit eu est congue elementum.', 'DISPONIVEL');
insert into tb_livros (livro_codigo, livro_autor, livro_editora, livro_genero, livro_isbn, livro_numeroPaginas, livro_titulo, livro_sinopse, livro_situacao) values (26, 'Laure Chrispin', 'Medhurst LLC', 'Comedy|Crime|Thriller', '623453268-3', 345, 'Snatch', 'Suspendisse potenti. Nullam porttitor lacus at turpis. Donec posuere metus vitae ipsum.', 'DISPONIVEL');
insert into tb_livros (livro_codigo, livro_autor, livro_editora, livro_genero, livro_isbn, livro_numeroPaginas, livro_titulo, livro_sinopse, livro_situacao) values (27, 'Ken Keely', 'Hirthe LLC', 'Adventure|Children|Comedy|Fantasy', '204909869-3', 35, 'Lemony Snicket''s A Series of Unfortunate Events', 'Maecenas ut massa quis augue luctus tincidunt. Nulla mollis molestie lorem. Quisque ut erat.', 'EMPRESTADO');
insert into tb_livros (livro_codigo, livro_autor, livro_editora, livro_genero, livro_isbn, livro_numeroPaginas, livro_titulo, livro_sinopse, livro_situacao) values (28, 'Abigale Borg', 'Armstrong-Abshire', 'Action|Comedy|Crime', '791953824-6', 64, 'Flatfoot on the Nile (Piedone d''Egitto)', 'Quisque id justo sit amet sapien dignissim vestibulum.', 'DISPONIVEL');
insert into tb_livros (livro_codigo, livro_autor, livro_editora, livro_genero, livro_isbn, livro_numeroPaginas, livro_titulo, livro_sinopse, livro_situacao) values (29, 'Analise McEachern', 'Hermiston Inc', 'Action|Drama|Thriller', '377411787-X', 82, 'Born American', 'Duis bibendum, felis sed interdum venenatis, turpis enim blandit mi, in porttitor pede justo eu massa. Donec dapibus.', 'DISPONIVEL');
insert into tb_livros (livro_codigo, livro_autor, livro_editora, livro_genero, livro_isbn, livro_numeroPaginas, livro_titulo, livro_sinopse, livro_situacao) values (30, 'Nealson Cundey', 'Block-Legros', 'Animation|Fantasy|Thriller', '606266765-9', 193, 'Coraline', 'Vestibulum ac est lacinia nisi venenatis tristique. Fusce congue, diam id ornare imperdiet, sapien urna pretium nisl, ut volutpat sapien arcu sed augue. Aliquam erat volutpat.', 'DISPONIVEL');
insert into tb_livros (livro_codigo, livro_autor, livro_editora, livro_genero, livro_isbn, livro_numeroPaginas, livro_titulo, livro_sinopse, livro_situacao) values (31, 'Bradford Elleyne', 'Waelchi Group', 'Drama', '147453106-7', 421, 'Knife in the Water (Nóz w wodzie)', 'Maecenas leo odio, condimentum id, luctus nec, molestie sed, justo. Pellentesque viverra pede ac diam.', 'DISPONIVEL');
insert into tb_livros (livro_codigo, livro_autor, livro_editora, livro_genero, livro_isbn, livro_numeroPaginas, livro_titulo, livro_sinopse, livro_situacao) values (32, 'Joellyn Kedge', 'Blanda-Anderson', 'Documentary|War', '860466136-0', 194, 'Hearts and Minds', 'In congue. Etiam justo. Etiam pretium iaculis justo.', 'DISPONIVEL');
insert into tb_livros (livro_codigo, livro_autor, livro_editora, livro_genero, livro_isbn, livro_numeroPaginas, livro_titulo, livro_sinopse, livro_situacao) values (33, 'Babbie Fretwell', 'Krajcik, Toy and Blick', 'Documentary', '940480747-8', 307, 'Nightmare Factory', 'Vestibulum rutrum rutrum neque. Aenean auctor gravida sem.', 'DISPONIVEL');
insert into tb_livros (livro_codigo, livro_autor, livro_editora, livro_genero, livro_isbn, livro_numeroPaginas, livro_titulo, livro_sinopse, livro_situacao) values (34, 'Ringo Danat', 'Pacocha LLC', 'Crime|Drama|Mystery|Thriller', '929308099-0', 231, 'Lady Vengeance (Sympathy for Lady Vengeance) (Chinjeolhan geumjassi)', 'Mauris lacinia sapien quis libero. Nullam sit amet turpis elementum ligula vehicula consequat. Morbi a ipsum.', 'DISPONIVEL');
insert into tb_livros (livro_codigo, livro_autor, livro_editora, livro_genero, livro_isbn, livro_numeroPaginas, livro_titulo, livro_sinopse, livro_situacao) values (35, 'Della Maleham', 'Stiedemann-Smitham', '(no genres listed)', '401879852-0', 69, 'Bizarre', 'Integer tincidunt ante vel ipsum. Praesent blandit lacinia erat.', 'DISPONIVEL');
insert into tb_livros (livro_codigo, livro_autor, livro_editora, livro_genero, livro_isbn, livro_numeroPaginas, livro_titulo, livro_sinopse, livro_situacao) values (36, 'Gaylord Wyrill', 'Bergstrom, Considine and Kreiger', 'Crime|Drama', '823371573-5', 48, 'K-11', 'Proin at turpis a pede posuere nonummy.', 'EMPRESTADO');
insert into tb_livros (livro_codigo, livro_autor, livro_editora, livro_genero, livro_isbn, livro_numeroPaginas, livro_titulo, livro_sinopse, livro_situacao) values (37, 'Karlotte Matresse', 'Dicki-Bauch', 'Action|Thriller', '727992970-2', 237, 'The Prince', 'Quisque id justo sit amet sapien dignissim vestibulum. Vestibulum ante ipsum primis in faucibus orci luctus et ultrices posuere cubilia Curae; Nulla dapibus dolor vel est. Donec odio justo, sollicitudin ut, suscipit a, feugiat et, eros.', 'DISPONIVEL');
insert into tb_livros (livro_codigo, livro_autor, livro_editora, livro_genero, livro_isbn, livro_numeroPaginas, livro_titulo, livro_sinopse, livro_situacao) values (38, 'Gilberto Dowell', 'Will, Turner and Jones', 'Action|Crime|Drama', '482197220-4', 435, 'Super Fly (Superfly)', 'Donec ut dolor. Morbi vel lectus in quam fringilla rhoncus. Mauris enim leo, rhoncus sed, vestibulum sit amet, cursus id, turpis.', 'DISPONIVEL');
insert into tb_livros (livro_codigo, livro_autor, livro_editora, livro_genero, livro_isbn, livro_numeroPaginas, livro_titulo, livro_sinopse, livro_situacao) values (39, 'Glynis Peppin', 'Cummings, Yundt and Wolf', 'Crime|Drama|Mystery', '067887473-5', 491, 'Harper', 'Donec vitae nisi. Nam ultrices, libero non mattis pulvinar, nulla pede ullamcorper augue, a suscipit nulla elit ac nulla. Sed vel enim sit amet nunc viverra dapibus.', 'DISPONIVEL');
insert into tb_livros (livro_codigo, livro_autor, livro_editora, livro_genero, livro_isbn, livro_numeroPaginas, livro_titulo, livro_sinopse, livro_situacao) values (40, 'Eadith Switzer', 'Fadel LLC', 'Animation|Children|Musical', '534467893-2', 391, 'Here Comes Peter Cottontail ', 'Curabitur in libero ut massa volutpat convallis. Morbi odio odio, elementum eu, interdum eu, tincidunt in, leo.', 'DISPONIVEL');
insert into tb_livros (livro_codigo, livro_autor, livro_editora, livro_genero, livro_isbn, livro_numeroPaginas, livro_titulo, livro_sinopse, livro_situacao) values (41, 'Melisande Winder', 'Wunsch, Runte and McLaughlin', 'Horror|Thriller', '108152104-X', 492, 'Deaths of Ian Stone, The', 'Integer a nibh. In quis justo.', 'DISPONIVEL');
insert into tb_livros (livro_codigo, livro_autor, livro_editora, livro_genero, livro_isbn, livro_numeroPaginas, livro_titulo, livro_sinopse, livro_situacao) values (42, 'Alena Braunter', 'Runolfsdottir LLC', 'Comedy|Drama', '156953755-0', 91, 'Magic of Belle Isle, The', 'Integer ac leo.', 'DISPONIVEL');
insert into tb_livros (livro_codigo, livro_autor, livro_editora, livro_genero, livro_isbn, livro_numeroPaginas, livro_titulo, livro_sinopse, livro_situacao) values (43, 'Sela Riddeough', 'Hintz-Effertz', 'Comedy|Musical', '189438693-0', 212, 'Too Many Girls', 'Nulla tellus.', 'DISPONIVEL');
insert into tb_livros (livro_codigo, livro_autor, livro_editora, livro_genero, livro_isbn, livro_numeroPaginas, livro_titulo, livro_sinopse, livro_situacao) values (44, 'Abbye Biggerstaff', 'Auer and Sons', 'Action|Horror|Sci-Fi', '126242405-4', 469, 'Tetsuo III: The Bullet Man', 'Integer non velit. Donec diam neque, vestibulum eget, vulputate ut, ultrices vel, augue. Vestibulum ante ipsum primis in faucibus orci luctus et ultrices posuere cubilia Curae; Donec pharetra, magna ves.', 'DISPONIVEL');
insert into tb_livros (livro_codigo, livro_autor, livro_editora, livro_genero, livro_isbn, livro_numeroPaginas, livro_titulo, livro_sinopse, livro_situacao) values (45, 'Kimbra Birkenhead', 'Wisozk LLC', 'Adventure|Children|Comedy', '373252120-6', 130, 'Big Shots', 'Nulla tellus. In sagittis dui vel nisl. Duis ac nibh.', 'DISPONIVEL');
insert into tb_livros (livro_codigo, livro_autor, livro_editora, livro_genero, livro_isbn, livro_numeroPaginas, livro_titulo, livro_sinopse, livro_situacao) values (46, 'Taite Agates', 'Boyer, Fahey and Schuppe', 'Drama', '306569309-7', 190, 'Thank You a Lot', 'In hac habitasse platea dictumst. Etiam faucibus cursus urna. Ut tellus.', 'DISPONIVEL');
insert into tb_livros (livro_codigo, livro_autor, livro_editora, livro_genero, livro_isbn, livro_numeroPaginas, livro_titulo, livro_sinopse, livro_situacao) values (47, 'Milka Dungey', 'Denesik-Cronin', 'Comedy|Romance', '109594146-1', 490, 'Austenland', 'Pellentesque at nulla. Suspendisse potenti. Cras in purus eu magna vulputate luctus.', 'DISPONIVEL');
insert into tb_livros (livro_codigo, livro_autor, livro_editora, livro_genero, livro_isbn, livro_numeroPaginas, livro_titulo, livro_sinopse, livro_situacao) values (48, 'Vera Burtenshaw', 'Jones-Gutkowski', 'Comedy', '336429538-7', 2, 'Experts, The', 'Maecenas leo odio, condimentum id, luctus nec, molestie sed, justo. Pellentesque viverra pede ac diam.', 'DISPONIVEL');
insert into tb_livros (livro_codigo, livro_autor, livro_editora, livro_genero, livro_isbn, livro_numeroPaginas, livro_titulo, livro_sinopse, livro_situacao) values (49, 'Thibaut Seston', 'Welch, Ledner and Walker', 'Drama|War', '061338967-0', 216, 'Battle Cry', 'Sed ante.', 'DISPONIVEL');
insert into tb_livros (livro_codigo, livro_autor, livro_editora, livro_genero, livro_isbn, livro_numeroPaginas, livro_titulo, livro_sinopse, livro_situacao) values (50, 'Cordy Smardon', 'Effertz-Reinger', 'Drama', '716865983-9', 314, 'Palermo Shooting', 'Nunc nisl. Duis bibendum, felis sed interdum venenatis, turpis enim blandit mi, in porttitor pede justo eu massa.', 'DISPONIVEL');
insert into tb_livros (livro_codigo, livro_autor, livro_editora, livro_genero, livro_isbn, livro_numeroPaginas, livro_titulo, livro_sinopse, livro_situacao) values (51, 'Skipp Sciacovelli', 'Hagenes-Shanahan', 'Comedy|Drama', '636262287-1', 408, 'Clink of Ice, The (a.k.a.: Sound of Ice Cubes, The) (Le bruit des glaçons)', 'Vestibulum ante ipsum primis in faucibus orci luctus et ultrices posuere cubilia Curae; Nulla dapibus dolor vel est. Donec odio justo, sollicitudin ut, suscipit a, feugiat et, eros. Vestibulum ac est lacinia nisi venenatis tristique.', 'DISPONIVEL');
insert into tb_livros (livro_codigo, livro_autor, livro_editora, livro_genero, livro_isbn, livro_numeroPaginas, livro_titulo, livro_sinopse, livro_situacao) values (52, 'Viviene Daoust', 'Hand, Bins and Rohan', 'Drama', '462205280-6', 238, 'Isle, The (Seom)', 'Quisque erat eros, viverra eget, congue eget, semper rutrum, nulla. Nunc purus. Phasellus in felis.', 'DISPONIVEL');
insert into tb_livros (livro_codigo, livro_autor, livro_editora, livro_genero, livro_isbn, livro_numeroPaginas, livro_titulo, livro_sinopse, livro_situacao) values (53, 'Annmarie Mowday', 'O''Conner LLC', 'Comedy|Horror|Musical', '230835181-0', 37, 'Little Shop of Horrors', 'Morbi ut odio.', 'DISPONIVEL');
insert into tb_livros (livro_codigo, livro_autor, livro_editora, livro_genero, livro_isbn, livro_numeroPaginas, livro_titulo, livro_sinopse, livro_situacao) values (54, 'Paulina Clempton', 'Krajcik-Cruickshank', 'Comedy|Romance', '532136376-5', 390, 'Book of Love', 'Curabitur in libero ut massa volutpat convallis. Morbi odio odio, elementum eu, interdum eu, tincidunt in, leo. Maecenas pulvinar lobortis est.', 'DISPONIVEL');
insert into tb_livros (livro_codigo, livro_autor, livro_editora, livro_genero, livro_isbn, livro_numeroPaginas, livro_titulo, livro_sinopse, livro_situacao) values (55, 'Tonya Fauning', 'Ledner-Ledner', 'Comedy|Fantasy', '826744690-7', 88, 'Toys', 'Donec dapibus. Duis at velit eu est congue elementum. In hac habitasse platea dictumst.', 'ATRASADO');
insert into tb_livros (livro_codigo, livro_autor, livro_editora, livro_genero, livro_isbn, livro_numeroPaginas, livro_titulo, livro_sinopse, livro_situacao) values (56, 'Adelind Jostan', 'Blick, Kuhn and Spinka', 'Comedy|Musical|Romance', '814654891-1', 45, 'Flying Down to Rio', 'Mauris sit amet eros. Suspendisse accumsan tortor quis turpis.', 'DISPONIVEL');
insert into tb_livros (livro_codigo, livro_autor, livro_editora, livro_genero, livro_isbn, livro_numeroPaginas, livro_titulo, livro_sinopse, livro_situacao) values (57, 'Hyacinthe Stranieri', 'Medhurst, Simonis and Glover', 'Thriller|War', '786017143-0', 240, 'Counterfeit Traitor, The', 'Etiam faucibus cursus urna.', 'DISPONIVEL');
insert into tb_livros (livro_codigo, livro_autor, livro_editora, livro_genero, livro_isbn, livro_numeroPaginas, livro_titulo, livro_sinopse, livro_situacao) values (58, 'Imojean Canto', 'Cummerata-Smith', 'Comedy|Drama|Romance', '805237184-8', 381, 'Cesar & Rosalie (César et Rosalie)', 'Integer ac neque. Duis bibendum. Morbi non quam nec dui luctus rutrum.', 'DISPONIVEL');
insert into tb_livros (livro_codigo, livro_autor, livro_editora, livro_genero, livro_isbn, livro_numeroPaginas, livro_titulo, livro_sinopse, livro_situacao) values (59, 'Darleen Iashvili', 'Willms and Sons', 'Documentary', '802736097-8', 217, 'EXPO: Magic of the White City', 'Nullam molestie nibh in lectus. Pellentesque at nulla.', 'DISPONIVEL');
insert into tb_livros (livro_codigo, livro_autor, livro_editora, livro_genero, livro_isbn, livro_numeroPaginas, livro_titulo, livro_sinopse, livro_situacao) values (60, 'Abdel Petrillo', 'Boehm LLC', 'Comedy', '566176145-7', 55, 'My Mom Is a Character (Minha Mãe é uma Peça: O Filme)', 'In hac habitasse platea dictumst. Etiam faucibus cursus urna. Ut tellus.', 'DISPONIVEL');
insert into tb_livros (livro_codigo, livro_autor, livro_editora, livro_genero, livro_isbn, livro_numeroPaginas, livro_titulo, livro_sinopse, livro_situacao) values (61, 'Loy Acaster', 'Sauer-Skiles', 'Comedy|Horror', '943539031-5', 51, 'Return of the Living Dead Part II', 'Aliquam non mauris. Morbi non lectus.', 'DISPONIVEL');
insert into tb_livros (livro_codigo, livro_autor, livro_editora, livro_genero, livro_isbn, livro_numeroPaginas, livro_titulo, livro_sinopse, livro_situacao) values (62, 'Christin Caulder', 'Schulist, Howe and Senger', 'Drama', '454933152-6', 376, 'Southerner, The', 'Maecenas pulvinar lobortis est. Phasellus sit amet erat. Nulla tempus.', 'DISPONIVEL');
insert into tb_livros (livro_codigo, livro_autor, livro_editora, livro_genero, livro_isbn, livro_numeroPaginas, livro_titulo, livro_sinopse, livro_situacao) values (63, 'Delinda Cottham', 'Nitzsche, Connelly and Hoeger', 'Drama', '745788249-9', 340, 'Bobby Jones, Stroke of Genius', 'Nam nulla. Integer pede justo, lacinia eget, tincidunt eget, tempus vel, pede. Morbi porttitor lorem id ligula.', 'DISPONIVEL');
insert into tb_livros (livro_codigo, livro_autor, livro_editora, livro_genero, livro_isbn, livro_numeroPaginas, livro_titulo, livro_sinopse, livro_situacao) values (64, 'Karla Keyzman', 'Konopelski-Emard', 'Documentary', '368155019-0', 159, 'Hungry for Change', 'Pellentesque at nulla.', 'DISPONIVEL');
insert into tb_livros (livro_codigo, livro_autor, livro_editora, livro_genero, livro_isbn, livro_numeroPaginas, livro_titulo, livro_sinopse, livro_situacao) values (65, 'Aprilette Grzegorzewski', 'Balistreri-Koch', '(no genres listed)', '009999596-4', 130, 'Warsaw Bridge (Pont de Varsòvia)', 'Quisque id justo sit amet sapien dignissim vestibulum. Vestibulum ante ipsum primis in faucibus orci luctus et ultrices posuere cubilia Curae; Nulla dapibus dolor vel est. Donec odio justo, sollicitudin ut, suscipit a, feugiat et, eros.', 'DISPONIVEL');
insert into tb_livros (livro_codigo, livro_autor, livro_editora, livro_genero, livro_isbn, livro_numeroPaginas, livro_titulo, livro_sinopse, livro_situacao) values (66, 'Mame Treswell', 'Welch-Fritsch', 'Comedy', '990749453-4', 222, 'Isn''t She Great?', 'Nunc purus.', 'DISPONIVEL');
insert into tb_livros (livro_codigo, livro_autor, livro_editora, livro_genero, livro_isbn, livro_numeroPaginas, livro_titulo, livro_sinopse, livro_situacao) values (67, 'Garreth Sarten', 'Windler-Towne', 'Horror', '500591191-X', 282, 'Horrible Dr. Hichcock, The', 'Vivamus tortor.', 'DISPONIVEL');
insert into tb_livros (livro_codigo, livro_autor, livro_editora, livro_genero, livro_isbn, livro_numeroPaginas, livro_titulo, livro_sinopse, livro_situacao) values (68, 'Clarke Sheeres', 'Hermiston-Walker', 'Comedy|Drama|Romance', '333867436-8', 261, 'You Are the Apple of My Eye', 'Nunc purus. Phasellus in felis. Donec semper sapien a libero.', 'DISPONIVEL');
insert into tb_livros (livro_codigo, livro_autor, livro_editora, livro_genero, livro_isbn, livro_numeroPaginas, livro_titulo, livro_sinopse, livro_situacao) values (69, 'Aurie Upton', 'Cartwright Group', 'Adventure|Documentary', '505133253-6', 349, 'Craigslist Joe', 'Nulla ac enim. In tempor, turpis nec euismod scelerisque, quam turpis adipiscing lorem, vitae mattis nibh ligula nec sem. Duis aliquam convallis nunc.', 'DISPONIVEL');
insert into tb_livros (livro_codigo, livro_autor, livro_editora, livro_genero, livro_isbn, livro_numeroPaginas, livro_titulo, livro_sinopse, livro_situacao) values (70, 'Doralynne Bartolomeoni', 'Labadie Group', 'Drama|Thriller', '772379682-X', 61, 'Babysitter, The', 'Duis aliquam convallis nunc. Proin at turpis a pede posuere nonummy.', 'DISPONIVEL');
insert into tb_livros (livro_codigo, livro_autor, livro_editora, livro_genero, livro_isbn, livro_numeroPaginas, livro_titulo, livro_sinopse, livro_situacao) values (71, 'Noelle Yaknov', 'Lemke-Steuber', 'Documentary', '852756822-5', 417, 'Tapia', 'Nullam sit amet turpis elementum ligula vehicula consequat.', 'DISPONIVEL');
insert into tb_livros (livro_codigo, livro_autor, livro_editora, livro_genero, livro_isbn, livro_numeroPaginas, livro_titulo, livro_sinopse, livro_situacao) values (72, 'Smith Cranfield', 'Schaefer, Waters and Grant', 'Drama|Horror|Mystery|Sci-Fi|Thriller', '497326962-X', 215, 'Phone (Pon)', 'Nulla ut erat id mauris vulputate elementum. Nullam varius. Nulla facilisi.', 'DISPONIVEL');
insert into tb_livros (livro_codigo, livro_autor, livro_editora, livro_genero, livro_isbn, livro_numeroPaginas, livro_titulo, livro_sinopse, livro_situacao) values (73, 'Cloe Luckwell', 'Block-Dach', 'Crime|Horror|Thriller', '255736957-8', 74, 'Hostel: Part II', 'Integer a nibh. In quis justo. Maecenas rhoncus aliquam lacus.', 'DISPONIVEL');
insert into tb_livros (livro_codigo, livro_autor, livro_editora, livro_genero, livro_isbn, livro_numeroPaginas, livro_titulo, livro_sinopse, livro_situacao) values (74, 'Skelly Aslen', 'Tremblay and Sons', 'Comedy', '697955509-X', 265, 'Eagle vs Shark', 'Integer non velit. Donec diam neque, vestibulum eget, vulputate ut, ultrices vel, augue. Vestibulum ante ipsum primis in faucibus orci luctus et ultr.', 'DISPONIVEL');
insert into tb_livros (livro_codigo, livro_autor, livro_editora, livro_genero, livro_isbn, livro_numeroPaginas, livro_titulo, livro_sinopse, livro_situacao) values (75, 'Shana Matovic', 'White-Stehr', 'Comedy|Musical|Romance', '155508891-0', 209, 'Strike Up the Band', 'Donec ut dolor.', 'DISPONIVEL');
insert into tb_livros (livro_codigo, livro_autor, livro_editora, livro_genero, livro_isbn, livro_numeroPaginas, livro_titulo, livro_sinopse, livro_situacao) values (76, 'Kellby Ruckman', 'Reinger LLC', 'Adventure|Fantasy', '098917854-4', 53, 'Harry Potter and the Chamber of Secrets', 'In hac habitasse platea dictumst. Aliquam augue quam, sollicitudin vitae, consectetuer eget, rutrum at, lorem. Integer tincidunt ante vel ipsum.', 'DISPONIVEL');
insert into tb_livros (livro_codigo, livro_autor, livro_editora, livro_genero, livro_isbn, livro_numeroPaginas, livro_titulo, livro_sinopse, livro_situacao) values (77, 'Borg Tomasicchio', 'Roob Inc', 'Action|Adventure|Fantasy', '087469256-3', 396, 'Ator, the Fighting Eagle (Ator l''invincibile)', 'Pellentesque ultrices mattis odio. Donec vitae nisi.', 'DISPONIVEL');
insert into tb_livros (livro_codigo, livro_autor, livro_editora, livro_genero, livro_isbn, livro_numeroPaginas, livro_titulo, livro_sinopse, livro_situacao) values (78, 'Norry Roon', 'Kihn, Predovic and Johnston', 'Drama', '923331125-2', 69, 'White Nights', 'Nulla nisl. Nunc nisl. Duis bibendum, felis sed interdum venenatis, turpis enim blandit mi, in porttitor pede justo eu massa.', 'DISPONIVEL');
insert into tb_livros (livro_codigo, livro_autor, livro_editora, livro_genero, livro_isbn, livro_numeroPaginas, livro_titulo, livro_sinopse, livro_situacao) values (79, 'Rudie Espinal', 'Stamm, Stanton and Glover', 'Drama|Horror', '188116104-8', 493, 'Look What''s Happened to Rosemary''s Baby (a.k.a. Rosemary''s Baby II)', 'Donec dapibus. Duis at velit eu est congue elementum.', 'DISPONIVEL');
insert into tb_livros (livro_codigo, livro_autor, livro_editora, livro_genero, livro_isbn, livro_numeroPaginas, livro_titulo, livro_sinopse, livro_situacao) values (80, 'Lucais Toft', 'Fahey, Spinka and Kutch', 'Crime|Drama|Thriller', '620662157-X', 329, 'Sin Nombre', 'In congue.', 'DISPONIVEL');
insert into tb_livros (livro_codigo, livro_autor, livro_editora, livro_genero, livro_isbn, livro_numeroPaginas, livro_titulo, livro_sinopse, livro_situacao) values (81, 'Reiko Eldredge', 'Tremblay, Sporer and McClure', 'Documentary', '692819334-4', 191, 'Ayn Rand: A Sense of Life', 'Morbi vel lectus in quam fringilla rhoncus. Mauris enim leo, rhoncus sed, vestibulum sit amet, cursus id, turpis. Integer aliquet, massa id lobortis convallis, tortor risus dapibus augue, vel accumsan tellus nisi eu orci.', 'DISPONIVEL');
insert into tb_livros (livro_codigo, livro_autor, livro_editora, livro_genero, livro_isbn, livro_numeroPaginas, livro_titulo, livro_sinopse, livro_situacao) values (82, 'Lissy Jedrasik', 'Goldner, Schoen and Weissnat', 'Children|Comedy|Fantasy|Musical', '526973938-0', 197, 'Shrek the Musical', 'Donec ut mauris eget massa tempor convallis.', 'DISPONIVEL');
insert into tb_livros (livro_codigo, livro_autor, livro_editora, livro_genero, livro_isbn, livro_numeroPaginas, livro_titulo, livro_sinopse, livro_situacao) values (83, 'Leann Dyhouse', 'Durgan-Bailey', 'Comedy|Drama', '028860763-5', 213, 'Hero', 'Aliquam augue quam, sollicitudin vitae, consectetuer eget, rutrum at, lorem. Integer tincidunt ante vel ipsum.', 'DISPONIVEL');
insert into tb_livros (livro_codigo, livro_autor, livro_editora, livro_genero, livro_isbn, livro_numeroPaginas, livro_titulo, livro_sinopse, livro_situacao) values (84, 'Evangelina McPherson', 'Hermann, Effertz and Hermiston', 'Crime|Drama|Romance|Thriller', '464304332-6', 256, 'Forever Mine', 'Lorem ipsum dolor sit amet, consectetuer adipiscing elit. Proin interdum mauris non ligula pellentesque ultrices. Phasellus id sapien in sapien iaculis congue.', 'DISPONIVEL');
insert into tb_livros (livro_codigo, livro_autor, livro_editora, livro_genero, livro_isbn, livro_numeroPaginas, livro_titulo, livro_sinopse, livro_situacao) values (85, 'Filmore Dallywater', 'Lubowitz, Moore and Kozey', 'Horror|Thriller', '355722518-6', 285, 'Hills Have Eyes II, The', 'Donec diam neque, vestibulum eget, vulputate ut, ultrices vel, augue.', 'DISPONIVEL');
insert into tb_livros (livro_codigo, livro_autor, livro_editora, livro_genero, livro_isbn, livro_numeroPaginas, livro_titulo, livro_sinopse, livro_situacao) values (86, 'Myca Morse', 'Crona-Schimmel', 'Drama', '263220739-8', 120, 'Boys from Fengkuei, The (Feng gui lai de ren)', 'Proin risus.', 'DISPONIVEL');
insert into tb_livros (livro_codigo, livro_autor, livro_editora, livro_genero, livro_isbn, livro_numeroPaginas, livro_titulo, livro_sinopse, livro_situacao) values (87, 'Normand Rotte', 'Powlowski Inc', 'Drama|Musical', '648635364-3', 393, 'Thirty-Two Short Films About Glenn Gould', 'Integer pede justo, lacinia eget, tincidunt eget, tempus vel, pede.', 'DISPONIVEL');
insert into tb_livros (livro_codigo, livro_autor, livro_editora, livro_genero, livro_isbn, livro_numeroPaginas, livro_titulo, livro_sinopse, livro_situacao) values (88, 'Roby McGuiness', 'Ortiz Inc', 'Comedy|Crime|Drama', '294745336-0', 200, 'The Mule', 'Etiam justo. Etiam pretium iaculis justo. In hac habitasse platea dictumst.', 'DISPONIVEL');
insert into tb_livros (livro_codigo, livro_autor, livro_editora, livro_genero, livro_isbn, livro_numeroPaginas, livro_titulo, livro_sinopse, livro_situacao) values (89, 'Lucia Abethell', 'Ryan Inc', 'Horror|Mystery', '680797386-1', 189, 'Dark Night of the Scarecrow', 'Mauris enim leo, rhoncus sed, vestibulum sit amet, cursus id, turpis. Integer aliquet, massa id lobortis convallis, tortor risus dapibus augue, vel accumsan tellus nisi eu orci.', 'DISPONIVEL');
insert into tb_livros (livro_codigo, livro_autor, livro_editora, livro_genero, livro_isbn, livro_numeroPaginas, livro_titulo, livro_sinopse, livro_situacao) values (90, 'Benoit Sharples', 'Bernhard, Feil and Schiller', 'Documentary', '067406460-7', 110, 'Cost of Oil: Voices from the Arctic, The', 'In est risus, auctor sed, tristique in, tempus sit amet, sem. Fusce consequat. Nulla nisl.', 'DISPONIVEL');
insert into tb_livros (livro_codigo, livro_autor, livro_editora, livro_genero, livro_isbn, livro_numeroPaginas, livro_titulo, livro_sinopse, livro_situacao) values (91, 'Cosimo Hullot', 'Dickens-Shanahan', 'Documentary', '148642061-3', 186, 'Miss Representation', 'Nam nulla. Integer pede justo, lacinia eget, tincidunt eget, tempus vel, pede. Morbi porttitor lorem id ligula.', 'DISPONIVEL');
insert into tb_livros (livro_codigo, livro_autor, livro_editora, livro_genero, livro_isbn, livro_numeroPaginas, livro_titulo, livro_sinopse, livro_situacao) values (92, 'Stafford Thorwarth', 'Kemmer, Bogan and Feest', 'Documentary', '915584390-5', 495, 'Genghis Blues', 'Maecenas tincidunt lacus at velit. Vivamus vel nulla eget eros elementum pellentesque. Quisque porta volutpat erat.', 'DISPONIVEL');
insert into tb_livros (livro_codigo, livro_autor, livro_editora, livro_genero, livro_isbn, livro_numeroPaginas, livro_titulo, livro_sinopse, livro_situacao) values (93, 'Jessalyn Hubner', 'Christiansen, Orn and Turcotte', 'Comedy|Crime', '744272102-8', 472, 'Two-Way Stretch', 'Nam dui. Proin leo odio, porttitor id, consequat in, consequat ut, nulla. Sed accumsan felis.', 'DISPONIVEL');
insert into tb_livros (livro_codigo, livro_autor, livro_editora, livro_genero, livro_isbn, livro_numeroPaginas, livro_titulo, livro_sinopse, livro_situacao) values (94, 'Shawn Goudy', 'Howell Inc', 'Action|Drama|Romance', '061336985-8', 286, 'Bellflower', 'Maecenas tincidunt lacus at velit. Vivamus vel nulla eget eros elementum pellentesque. Quisque porta volutpat erat.', 'DISPONIVEL');
insert into tb_livros (livro_codigo, livro_autor, livro_editora, livro_genero, livro_isbn, livro_numeroPaginas, livro_titulo, livro_sinopse, livro_situacao) values (95, 'Christina Drains', 'Luettgen-Klocko', 'Drama', '961406977-5', 332, 'Snow Angels', 'Nullam varius. Nulla facilisi.', 'DISPONIVEL');
insert into tb_livros (livro_codigo, livro_autor, livro_editora, livro_genero, livro_isbn, livro_numeroPaginas, livro_titulo, livro_sinopse, livro_situacao) values (96, 'Beatrisa Feare', 'Marks, Gislason and Wilderman', 'Crime|Drama|Film-Noir', '396421088-9', 47, 'Cry in the Night, A', 'Nullam varius. Nulla facilisi.', 'DISPONIVEL');
insert into tb_livros (livro_codigo, livro_autor, livro_editora, livro_genero, livro_isbn, livro_numeroPaginas, livro_titulo, livro_sinopse, livro_situacao) values (97, 'Doro Legrand', 'Monahan Group', 'Crime|Drama|Horror', '579872149-3', 40, 'Manson Family, The', 'Suspendisse potenti. Nullam porttitor lacus at turpis.', 'DISPONIVEL');
insert into tb_livros (livro_codigo, livro_autor, livro_editora, livro_genero, livro_isbn, livro_numeroPaginas, livro_titulo, livro_sinopse, livro_situacao) values (98, 'Jorrie Tripett', 'Nicolas, O''Conner and Mante', 'Documentary', '842387098-7', 288, 'God Save My Shoes', 'Morbi a ipsum. Integer a nibh. In quis justo.', 'DISPONIVEL');
insert into tb_livros (livro_codigo, livro_autor, livro_editora, livro_genero, livro_isbn, livro_numeroPaginas, livro_titulo, livro_sinopse, livro_situacao) values (99, 'Jaine Tock', 'Bailey, Weimann and Roberts', 'Drama|Thriller', '044841376-0', 146, 'Bad Education (La mala educación)', 'Morbi odio odio, elementum eu, interdum eu, tincidunt in, leo. Maecenas pulvinar lobortis est. Phasellus sit amet erat.', 'DISPONIVEL');
insert into tb_livros (livro_codigo, livro_autor, livro_editora, livro_genero, livro_isbn, livro_numeroPaginas, livro_titulo, livro_sinopse, livro_situacao) values (100, 'Thacher Tiller', 'Sporer, Hodkiewicz and Hudson', 'Comedy|Musical|Romance', '822035445-3', 89, 'Flower Drum Song', 'Donec vitae nisi. Nam ultrices, libero non mattis pulvinar, nulla pede ullamcorper augue, a suscipit nulla elit ac nulla. Sed vel enim sit amet nunc viverra dapibus.', 'DISPONIVEL');

insert into tb_usuarios (usuario_codigo, usuario_nome, usuario_sobrenome, usuario_email, usuario_senha, usuario_admin, usuario_situacao) values (1, 'Admin', 'Admin', 'admin@gmail.com', 'admin', 'SIM', 'LIVRE');
insert into tb_usuarios (usuario_codigo, usuario_nome, usuario_sobrenome, usuario_email, usuario_senha, usuario_admin, usuario_situacao) values (2, 'Emmott', 'Bineham', 'teste@gmail.com', '123456', 'NAO', 'LIVRE');
insert into tb_usuarios (usuario_codigo, usuario_nome, usuario_sobrenome, usuario_email, usuario_senha, usuario_admin, usuario_situacao) values (3, 'Emmie', 'Moulder', 'emoulder2@youku.com', 'zJ3=ALj59', 'NAO', 'BLOQUEADO');
insert into tb_usuarios (usuario_codigo, usuario_nome, usuario_sobrenome, usuario_email, usuario_senha, usuario_admin, usuario_situacao) values (4, 'Bethanne', 'Soars', 'bsoars3@wiley.com', 'iC5,9k.Ls', 'NAO', 'LIVRE');
insert into tb_usuarios (usuario_codigo, usuario_nome, usuario_sobrenome, usuario_email, usuario_senha, usuario_admin, usuario_situacao) values (5, 'Marietta', 'Gossage', 'mgossage4@cisco.com', 'xW8=#NXBfsA', 'NAO', 'LIVRE');
insert into tb_usuarios (usuario_codigo, usuario_nome, usuario_sobrenome, usuario_email, usuario_senha, usuario_admin, usuario_situacao) values (6, 'Sharona', 'Collete', 'scollete5@webeden.co.uk', 'bA7_,78@0APw', 'NAO', 'LIVRE');
insert into tb_usuarios (usuario_codigo, usuario_nome, usuario_sobrenome, usuario_email, usuario_senha, usuario_admin, usuario_situacao) values (7, 'Roxie', 'Hadlee', 'rhadlee6@indiatimes.com', 'dO2''c}"V', 'NAO', 'LIVRE');
insert into tb_usuarios (usuario_codigo, usuario_nome, usuario_sobrenome, usuario_email, usuario_senha, usuario_admin, usuario_situacao) values (8, 'Trace', 'Michie', 'tmichie7@wikimedia.org', 'mK9"dxXM''U_!N', 'NAO', 'LIVRE');
insert into tb_usuarios (usuario_codigo, usuario_nome, usuario_sobrenome, usuario_email, usuario_senha, usuario_admin, usuario_situacao) values (9, 'Alric', 'Madden', 'amadden8@cdc.gov', 'fD9\Cp32*n8yb}tI', 'NAO', 'LIVRE');
insert into tb_usuarios (usuario_codigo, usuario_nome, usuario_sobrenome, usuario_email, usuario_senha, usuario_admin, usuario_situacao) values (10, 'Terza', 'Tutchings', 'ttutchings9@google.es', 'oL5''7MLwxaL', 'NAO', 'LIVRE');
insert into tb_usuarios (usuario_codigo, usuario_nome, usuario_sobrenome, usuario_email, usuario_senha, usuario_admin, usuario_situacao) values (11, 'Corena', 'Senecaut', 'csenecauta@behance.net', 'dT8`O@xU{gg5D9)r', 'NAO', 'LIVRE');
insert into tb_usuarios (usuario_codigo, usuario_nome, usuario_sobrenome, usuario_email, usuario_senha, usuario_admin, usuario_situacao) values (12, 'Athene', 'Corker', 'acorkerb@flickr.com', 'qS4`(WEE}|y#I', 'NAO', 'LIVRE');
insert into tb_usuarios (usuario_codigo, usuario_nome, usuario_sobrenome, usuario_email, usuario_senha, usuario_admin, usuario_situacao) values (13, 'Terrill', 'Morford', 'tmorfordc@goodreads.com', 'eR8=4FV2)&/8KI', 'NAO', 'LIVRE');
insert into tb_usuarios (usuario_codigo, usuario_nome, usuario_sobrenome, usuario_email, usuario_senha, usuario_admin, usuario_situacao) values (14, 'Ilene', 'Goane', 'igoaned@joomla.org', 'nL3(e=2M', 'NAO', 'LIVRE');
insert into tb_usuarios (usuario_codigo, usuario_nome, usuario_sobrenome, usuario_email, usuario_senha, usuario_admin, usuario_situacao) values (15, 'Jemimah', 'Dunkerly', 'jdunkerlye@state.tx.us', 'eE8<@~IU8vz0', 'NAO', 'LIVRE');
insert into tb_usuarios (usuario_codigo, usuario_nome, usuario_sobrenome, usuario_email, usuario_senha, usuario_admin, usuario_situacao) values (16, 'Zedekiah', 'Domsalla', 'zdomsallaf@bbb.org', 'pH4|(5WVo', 'NAO', 'LIVRE');
insert into tb_usuarios (usuario_codigo, usuario_nome, usuario_sobrenome, usuario_email, usuario_senha, usuario_admin, usuario_situacao) values (17, 'Cos', 'Kendrick', 'ckendrickg@usa.gov', 'kL7<Q"fd#!dEe@e', 'NAO', 'LIVRE');
insert into tb_usuarios (usuario_codigo, usuario_nome, usuario_sobrenome, usuario_email, usuario_senha, usuario_admin, usuario_situacao) values (18, 'Mackenzie', 'Antrack', 'mantrackh@cnet.com', 'kG8{Bi.n'',', 'NAO', 'LIVRE');
insert into tb_usuarios (usuario_codigo, usuario_nome, usuario_sobrenome, usuario_email, usuario_senha, usuario_admin, usuario_situacao) values (19, 'Ron', 'Geraudy', 'rgeraudyi@gravatar.com', 'zR1"s)pKy%', 'NAO', 'LIVRE');
insert into tb_usuarios (usuario_codigo, usuario_nome, usuario_sobrenome, usuario_email, usuario_senha, usuario_admin, usuario_situacao) values (20, 'Hart', 'Kidd', 'hkiddj@prweb.com', 'sN3$sJ(i', 'NAO', 'LIVRE');
insert into tb_usuarios (usuario_codigo, usuario_nome, usuario_sobrenome, usuario_email, usuario_senha, usuario_admin, usuario_situacao) values (21, 'Manuel', 'Wheldon', 'mwheldonk@xrea.com', 'pU6+uJY~', 'NAO', 'LIVRE');
insert into tb_usuarios (usuario_codigo, usuario_nome, usuario_sobrenome, usuario_email, usuario_senha, usuario_admin, usuario_situacao) values (22, 'Lavinie', 'Marushak', 'lmarushakl@yelp.com', 'oU8`VO&k"R', 'NAO', 'LIVRE');
insert into tb_usuarios (usuario_codigo, usuario_nome, usuario_sobrenome, usuario_email, usuario_senha, usuario_admin, usuario_situacao) values (23, 'Doug', 'Ebbett', 'debbettm@studiopress.com', 'xU7''.g`t1E*H', 'NAO', 'LIVRE');
insert into tb_usuarios (usuario_codigo, usuario_nome, usuario_sobrenome, usuario_email, usuario_senha, usuario_admin, usuario_situacao) values (24, 'Lanni', 'Walstow', 'lwalstown@aboutads.info', 'eW3"2T&0O', 'NAO', 'LIVRE');
insert into tb_usuarios (usuario_codigo, usuario_nome, usuario_sobrenome, usuario_email, usuario_senha, usuario_admin, usuario_situacao) values (25, 'Bernardine', 'Talman', 'btalmano@lulu.com', 'sV6?Y?~8\pN!%y0.', 'NAO', 'LIVRE');
insert into tb_usuarios (usuario_codigo, usuario_nome, usuario_sobrenome, usuario_email, usuario_senha, usuario_admin, usuario_situacao) values (26, 'Konstantine', 'Henke', 'khenkep@forbes.com', 'nB0''_\T2zU6(', 'NAO', 'LIVRE');
insert into tb_usuarios (usuario_codigo, usuario_nome, usuario_sobrenome, usuario_email, usuario_senha, usuario_admin, usuario_situacao) values (27, 'Rusty', 'Tearney', 'rtearneyq@vkontakte.ru', 'vM7|4%8%UI', 'NAO', 'LIVRE');
insert into tb_usuarios (usuario_codigo, usuario_nome, usuario_sobrenome, usuario_email, usuario_senha, usuario_admin, usuario_situacao) values (28, 'Ingeberg', 'Wondraschek', 'iwondraschekr@ibm.com', 'kG9,$&<,U}~iFTV', 'NAO', 'LIVRE');
insert into tb_usuarios (usuario_codigo, usuario_nome, usuario_sobrenome, usuario_email, usuario_senha, usuario_admin, usuario_situacao) values (29, 'Malchy', 'Duckerin', 'mduckerins@msn.com', 'fT2''R)~u8''~|2', 'NAO', 'LIVRE');
insert into tb_usuarios (usuario_codigo, usuario_nome, usuario_sobrenome, usuario_email, usuario_senha, usuario_admin, usuario_situacao) values (30, 'Wiley', 'Tanzig', 'wtanzigt@studiopress.com', 'dE7}_+rqL}=', 'NAO', 'LIVRE');

INSERT INTO tb_emprestimos (emprestimo_codigo, livro_dtaEmprestimo, livro_dtaDevolucao, livro_codigo, usuario_codigo, emprestimo_situacao) VALUES (1,  '2022-05-22', '2022-05-29', '55', '2', 'DEVOLVIDO');

INSERT INTO tb_emprestimos (emprestimo_codigo, livro_dtaEmprestimo, livro_dtaDevolucao, livro_codigo, usuario_codigo, emprestimo_situacao) VALUES (2,  '2022-06-22', '2022-06-29', '8', '2', 'DEVOLVIDO');

INSERT INTO tb_emprestimos (emprestimo_codigo, livro_dtaEmprestimo, livro_dtaDevolucao, livro_codigo, usuario_codigo, emprestimo_situacao) VALUES (3,  '2022-07-22', '2022-07-29', '13', '2', 'DEVOLVIDO');

INSERT INTO tb_emprestimos (emprestimo_codigo, livro_dtaEmprestimo, livro_dtaDevolucao, livro_codigo, usuario_codigo, emprestimo_situacao) VALUES (4,  '2022-08-22', '2022-08-29', '25', '2', 'DEVOLVIDO');

INSERT INTO tb_emprestimos (emprestimo_codigo, livro_dtaEmprestimo, livro_dtaDevolucao, livro_codigo, usuario_codigo, emprestimo_situacao) VALUES (5,  '2022-09-22', '2022-09-29', '33', '2', 'DEVOLVIDO');

INSERT INTO tb_emprestimos (emprestimo_codigo, livro_dtaEmprestimo, livro_dtaDevolucao, livro_codigo, usuario_codigo, emprestimo_situacao) VALUES (6,  '2022-10-22', '2022-10-29', '88', '2', 'DEVOLVIDO');

INSERT INTO tb_emprestimos (emprestimo_codigo, livro_dtaEmprestimo, livro_dtaDevolucao, livro_codigo, usuario_codigo, emprestimo_situacao) VALUES (7,  '2022-05-22', '2022-05-29', '100', '3', 'DEVOLVIDO');

INSERT INTO tb_emprestimos (emprestimo_codigo, livro_dtaEmprestimo, livro_dtaDevolucao, livro_codigo, usuario_codigo, emprestimo_situacao) VALUES (8,  '2022-11-22', '2022-11-29', '45', '2', 'DEVOLVIDO');

INSERT INTO tb_emprestimos (emprestimo_codigo, livro_dtaEmprestimo, livro_dtaDevolucao, livro_codigo, usuario_codigo, emprestimo_situacao) VALUES (9,  '2022-12-22', '2022-12-29', '100', '2', 'DEVOLVIDO');

INSERT INTO tb_emprestimos (emprestimo_codigo, livro_dtaEmprestimo, livro_dtaDevolucao, livro_codigo, usuario_codigo, emprestimo_situacao) VALUES (16,  '2023-05-22', '2023-05-29', '13', '2', 'DEVOLVIDO');

INSERT INTO tb_emprestimos (emprestimo_codigo, livro_dtaEmprestimo, livro_dtaDevolucao, livro_codigo, usuario_codigo, emprestimo_situacao) VALUES (10,  '2023-06-23', '2023-06-30', '12', '2', 'EMPRESTIMO');

INSERT INTO tb_emprestimos (emprestimo_codigo, livro_dtaEmprestimo, livro_dtaDevolucao, livro_codigo, usuario_codigo, emprestimo_situacao) VALUES (11,  '2022-05-22', '2022-05-29', '55', '3', 'EMPRESTIMO');

INSERT INTO tb_emprestimos (emprestimo_codigo, livro_dtaEmprestimo, livro_dtaDevolucao, livro_codigo, usuario_codigo, emprestimo_situacao) VALUES (12,  '2023-06-23', '2023-06-30', '15', '2', 'EMPRESTIMO');
-- mudar o status do livro 15 19 27 36

INSERT INTO tb_emprestimos (emprestimo_codigo, livro_dtaEmprestimo, livro_dtaDevolucao, livro_codigo, usuario_codigo, emprestimo_situacao) VALUES (13,  '2023-06-23', '2023-06-30', '19', '2', 'EMPRESTIMO');

INSERT INTO tb_emprestimos (emprestimo_codigo, livro_dtaEmprestimo, livro_dtaDevolucao, livro_codigo, usuario_codigo, emprestimo_situacao) VALUES (14,  '2023-06-23', '2023-06-30', '27', '4', 'EMPRESTIMO');

INSERT INTO tb_emprestimos (emprestimo_codigo, livro_dtaEmprestimo, livro_dtaDevolucao, livro_codigo, usuario_codigo, emprestimo_situacao) VALUES (15,  '2023-06-23', '2023-06-30', '36', '5', 'EMPRESTIMO');



